classifer,parameters,auc-roc,p_at_5,r_at_5,f1_at_5,p_at_10,r_at_10,"f1_at_10,",p_at_20,r_at_20,f1_at_20,run_time
RF,"{'max_depth': 1, 'max_features': 'sqrt', 'min_samples_split': 10, 'n_estimators': 1}",0.6572193967796331,0.468338669512629,0.34934324001592143,0.4001823846796869,0.6702534459759893,1.0,0.8025769353636462,0.3351267229879947,1.0,0.5020148532986979,0.162399
DT,"{'criterion': 'gini', 'max_depth': 1, 'max_features': 'sqrt', 'min_samples_split': 10}",0.6572193967796331,0.468338669512629,0.34934324001592143,0.4001823846796869,0.6702534459759893,1.0,0.8025769353636462,0.3351267229879947,1.0,0.5020148532986979,0.033961
KNN,"{'algorithm': 'auto', 'n_neighbors': 5, 'weights': 'uniform'}",0.5575113128692522,0.4409462824617574,0.32891070717792226,0.376776350786534,0.22045353490440195,0.32891070717792226,0.26397614737514646,0.11022676745220097,0.32891070717792226,0.16511806041229563,8.117437
ET,"{'criterion': 'gini', 'max_depth': 1, 'max_features': 'sqrt', 'min_samples_split': 10, 'n_estimators': 1}",0.5072807481502666,0.9845250800426895,0.7343770731060103,0.8412493350558552,0.6702534459759893,1.0,0.8025769353636462,0.3351267229879947,1.0,0.5020148532986979,0.135707
AB,"{'algorithm': 'SAMME', 'n_estimators': 1}",0.6572193967796331,0.468338669512629,0.34934324001592143,0.4001823846796869,0.6702534459759893,1.0,0.8025769353636462,0.3351267229879947,1.0,0.5020148532986979,0.080161
GB,"{'learning_rate': 0.1, 'max_depth': 1, 'n_estimators': 1, 'subsample': 0.5}",0.6572193967796331,0.468338669512629,0.34934324001592143,0.4001823846796869,0.6702534459759893,1.0,0.8025769353636462,0.3351267229879947,1.0,0.5020148532986979,0.082556
LR,"{'C': 0.01, 'penalty': 'l1'}",0.6957695493128118,0.28103877623621487,0.20963247976648533,0.2401398282544266,0.2002667852378835,0.29879262305957277,0.23980406772441698,0.14842152067585593,0.44288178320286586,0.22233323342325242,0.827979
NB,{},0.7079464829059703,0.2865528281750267,0.21374552209101766,0.24485143247967175,0.21947532236549577,0.3274512405466366,0.26280481311894366,0.15998221431747442,0.4773782672150723,0.23965098078396108,0.103611
